<?xml version="1.0" encoding="UTF-8"?>
<uptime xmlns:xsi="http://www.w3.org/2001/XMLSchema-instance" xsi:schemaLocation="http://www.uptimesoftware.com/erdc/erdc erdc"
	xmlns="http://www.uptimesoftware.com/erdc/erdc" xmlns:upt="http://www.uptimesoftware.com/erdc/erdc" version="4.0"
	target_grouping="other">

	<class>Exchange 2013 Mailbox Server</class>
	<exec>JAVA_PLUGIN:UptimeExchange2013MailboxServerMonitor</exec>
	<erdc_version>1.0</erdc_version>
	<category>Applications - Email</category>
	<category_related>Applications - General</category_related>
	<grid_info>
		<supported_versions>7.3</supported_versions>
		<supported_platforms>windows, linux</supported_platforms>
		<upgrade_in_place>true</upgrade_in_place>
		<requires_agent_scripts>true</requires_agent_scripts>
	</grid_info>

	<elements>

		<element name="port" parameter_type="input" data_type="integer" gui_basic="1" range_type="0" units="">
			<control_options>size:10</control_options>
			<default_value>9998</default_value>
			<short_description>Agent Port</short_description>
			<long_description>(Only for Linux monitoring station) Enter the port that up.time Agent is listening on.
			</long_description>
			<validation_rule>
				<alphanumeric />
			</validation_rule>
			<error_message>
				<alphanumeric>required field</alphanumeric>
			</error_message>
			<gui_type>
				<integer />
			</gui_type>
		</element>

		<element name="domainName" parameter_type="input" data_type="string" gui_basic="1" range_type="0" units="">
			<control_options>size:40</control_options>
			<default_value>.\</default_value>
			<short_description>Domain</short_description>
			<long_description>(Only for Windows monitoring station) Enter domain name for the Exchange server.</long_description>
			<validation_rule>
				<alphanumeric />
			</validation_rule>
			<error_message>
				<alphanumeric>required field</alphanumeric>
			</error_message>
			<gui_type>
				<string />
			</gui_type>
		</element>

		<element name="userName" parameter_type="input" data_type="string" gui_basic="1" range_type="0" units="">
			<control_options>size:40</control_options>
			<default_value></default_value>
			<short_description>Username</short_description>
			<long_description>(Only for Windows monitoring station) Enter username for the Exchange server.</long_description>
			<validation_rule />
			<error_message />
			<gui_type>
				<string />
			</gui_type>
		</element>

		<element name="password" parameter_type="input" data_type="string" gui_basic="1" range_type="0" units="">
			<control_options>size:10</control_options>
			<default_value></default_value>
			<short_description>Password</short_description>
			<long_description>On Windows monitoring station, the password is for the user on the Exchange server. On Linux
				monitoring station, the password is for up.time Agent on the Exchange server.</long_description>
			<validation_rule>
				<alphanumeric />
			</validation_rule>
			<error_message>
				<alphanumeric>required field</alphanumeric>
			</error_message>
			<gui_type>
				<password />
			</gui_type>
		</element>

		<element name="MSExchange Assistants - Per Database - Events In Queue" parameter_type="output" data_type="integer"
			gui_basic="1" range_type="0">
			<control_options>size:40</control_options>
			<default_value />
			<short_description>Events In Queue</short_description>
			<long_description>Events In Queue</long_description>
			<validation_rule />
			<error_message />
			<gui_type>
				<integer />
			</gui_type>
		</element>

		<element name="MSExchange Delivery SmtpAvailability - % Availability" parameter_type="output" data_type="integer"
			gui_basic="1" range_type="0">
			<control_options>size:40</control_options>
			<default_value />
			<short_description>SMTP %Availability</short_description>
			<long_description>SMTP %Availability</long_description>
			<validation_rule />
			<error_message />
			<gui_type>
				<integer />
			</gui_type>
		</element>

		<element name="MSExchange Delivery SmtpAvailability - % Failures Due To Back Pressure" parameter_type="output"
			data_type="integer" gui_basic="1" range_type="0">
			<control_options>size:40</control_options>
			<default_value />
			<short_description>SMTP % Failures Due To Back Pressure</short_description>
			<long_description>
				Back Pressure : http://technet.microsoft.com/en-us/library/bb201658(v=exchg.150).aspx
			</long_description>
			<validation_rule />
			<error_message />
			<gui_type>
				<integer />
			</gui_type>
		</element>

		<element name="MSExchange Delivery SmtpAvailability - % Failures Due To TLS Errors" parameter_type="output"
			data_type="integer" gui_basic="1" range_type="0">
			<control_options>size:40</control_options>
			<default_value />
			<short_description>SMTP % Failures Due To TLS Errors</short_description>
			<long_description>SMTP % Failures Due To TLS Errors</long_description>
			<validation_rule />
			<error_message />
			<gui_type>
				<integer />
			</gui_type>
		</element>

		<element name="MSExchange Delivery SmtpAvailability - Failures Due to Maximum Local Loop Count"
			parameter_type="output" data_type="integer" gui_basic="1" range_type="0">
			<control_options>size:40</control_options>
			<default_value />
			<short_description>SMTP Failures Due to Maximum Local Loop Count</short_description>
			<long_description>SMTP Failures Due to Maximum Local Loop Count</long_description>
			<validation_rule />
			<error_message />
			<gui_type>
				<integer />
			</gui_type>
		</element>

		<element name="MSExchange RpcClientAccess - Connection Count" parameter_type="output" data_type="integer"
			gui_basic="1" range_type="0">
			<control_options>size:40</control_options>
			<default_value />
			<short_description>RPC Connection Count</short_description>
			<long_description>RPC Connection Count</long_description>
			<validation_rule />
			<error_message />
			<gui_type>
				<integer />
			</gui_type>
		</element>

		<element name="MSExchange RpcClientAccess - Active User Count" parameter_type="output" data_type="integer"
			gui_basic="1" range_type="0">
			<control_options>size:40</control_options>
			<default_value />
			<short_description>RPC Active User Count</short_description>
			<long_description>RPC Active User Count</long_description>
			<validation_rule />
			<error_message />
			<gui_type>
				<integer />
			</gui_type>
		</element>

		<element name="MSExchange RpcClientAccess - User Count" parameter_type="output" data_type="integer" gui_basic="1"
			range_type="0">
			<control_options>size:40</control_options>
			<default_value />
			<short_description>RPC User Count</short_description>
			<long_description>RPC User Count</long_description>
			<validation_rule />
			<error_message />
			<gui_type>
				<integer />
			</gui_type>
		</element>

		<element name="MSExchange RpcClientAccess - RPC Dispatch Task Queue Length" parameter_type="output" data_type="integer"
			gui_basic="1" range_type="0">
			<control_options>size:40</control_options>
			<default_value />
			<short_description>RPC Dispatch Task Queue Length</short_description>
			<long_description>RPC Dispatch Task Queue Length</long_description>
			<validation_rule />
			<error_message />
			<gui_type>
				<integer />
			</gui_type>
		</element>

		<element name="MSExchange RpcClientAccess - XTC Dispatch Task Queue Length" parameter_type="output" data_type="integer"
			gui_basic="1" range_type="0">
			<control_options>size:40</control_options>
			<default_value />
			<short_description>XTC Dispatch Task Queue Length</short_description>
			<long_description>XTC Dispatch Task Queue Length</long_description>
			<validation_rule />
			<error_message />
			<gui_type>
				<integer />
			</gui_type>
		</element>

		<element name="MSExchange RpcClientAccess - RPCHttpConnectionRegistration Dispatch Task Queue Length"
			parameter_type="output" data_type="integer" gui_basic="1" range_type="0">
			<control_options>size:40</control_options>
			<default_value />
			<short_description>RPC HTTP Connection Registration Dispatch Task Queue Length</short_description>
			<long_description>RPC HTTP Connection Registration Dispatch Task Queue Length</long_description>
			<validation_rule />
			<error_message />
			<gui_type>
				<integer />
			</gui_type>
		</element>

		<element name="MSExchangeTransport Queues - Active Mailbox Delivery Queue Length" parameter_type="output"
			data_type="integer" gui_basic="1" range_type="0">
			<control_options>size:40</control_options>
			<default_value />
			<short_description>Active Mailbox Delivery Queue Length</short_description>
			<long_description>Active Mailbox Delivery Queue Length</long_description>
			<validation_rule />
			<error_message />
			<gui_type>
				<integer />
			</gui_type>
		</element>

		<element name="MSExchangeTransport Queues - Submission Queue Length" parameter_type="output" data_type="integer"
			gui_basic="1" range_type="0">
			<control_options>size:40</control_options>
			<default_value />
			<short_description>Submission Queue Length</short_description>
			<long_description>Submission Queue Length</long_description>
			<validation_rule />
			<error_message />
			<gui_type>
				<integer />
			</gui_type>
		</element>

		<element name="MSExchangeTransport Queues - Active Non-Smtp Delivery Queue Length" parameter_type="output"
			data_type="integer" gui_basic="1" range_type="0">
			<control_options>size:40</control_options>
			<default_value />
			<short_description>Active Non-SMTP Delivery Queue Length</short_description>
			<long_description>Active Non-SMTP Delivery Queue Length</long_description>
			<validation_rule />
			<error_message />
			<gui_type>
				<integer />
			</gui_type>
		</element>

		<element name="MSExchangeTransport Queues - Retry Mailbox Delivery Queue Length" parameter_type="output"
			data_type="integer" gui_basic="1" range_type="0">
			<control_options>size:40</control_options>
			<default_value />
			<short_description>Retry Mailbox Delivery Queue Length</short_description>
			<long_description>Retry Mailbox Delivery Queue Length</long_description>
			<validation_rule />
			<error_message />
			<gui_type>
				<integer />
			</gui_type>
		</element>

		<element name="MSExchangeTransport Queues - Unreachable Queue Length" parameter_type="output" data_type="integer"
			gui_basic="1" range_type="0">
			<control_options>size:40</control_options>
			<default_value />
			<short_description>Unreachable Queue Length</short_description>
			<long_description>Unreachable Queue Length</long_description>
			<validation_rule />
			<error_message />
			<gui_type>
				<integer />
			</gui_type>
		</element>

		<element name="MSExchangeTransport Queues - Poison Queue Length" parameter_type="output" data_type="integer"
			gui_basic="1" range_type="0">
			<control_options>size:40</control_options>
			<default_value />
			<short_description>Poison Queue Length</short_description>
			<long_description>Poison Queue Length</long_description>
			<validation_rule />
			<error_message />
			<gui_type>
				<integer />
			</gui_type>
		</element>

		<element name="MSExchangeTransport Queues - Messages Queued for Delivery Per Second" parameter_type="output"
			data_type="integer" gui_basic="1" range_type="0">
			<control_options>size:40</control_options>
			<default_value />
			<short_description>Messages Queued for Delivery Per Second</short_description>
			<long_description>Messages Queued for Delivery Per Second</long_description>
			<validation_rule />
			<error_message />
			<gui_type>
				<integer />
			</gui_type>
		</element>

		<element name="MSExchangeTransport Queues - Retry Non-SMTP Delivery Queue Length" parameter_type="output"
			data_type="integer" gui_basic="1" range_type="0">
			<control_options>size:40</control_options>
			<default_value />
			<short_description>Retry Non-SMTP Delivery Queue Length</short_description>
			<long_description>Retry Non-SMTP Delivery Queue Length</long_description>
			<validation_rule />
			<error_message />
			<gui_type>
				<integer />
			</gui_type>
		</element>

		<element name="timer" parameter_type="output" data_type="integer" gui_basic="0" range_type="0" units="ms">
			<control_options>size:8</control_options>
			<default_value />
			<short_description>Response Time</short_description>
			<long_description>Response time in ms</long_description>
			<validation_rule />
			<error_message />
			<gui_type>
				<integer />
			</gui_type>
		</element>

	</elements>

	<help>Gather performance counters from Exchange 2013 Mailbox Server.</help>
</uptime>